rank,title,src,cover,up,PageViews,comments
1,习近平在越南媒体发表署名文章,https://s.weibo.com/weibo?q=习近平在越南媒体发表署名文章,,,,
2,结节 吃芋头,https://s.weibo.com/weibo?q=结节 吃芋头,,,,
3,TES Meiko,https://s.weibo.com/weibo?q=TES Meiko,,,,
4,在河内感受中越人文相亲,https://s.weibo.com/weibo?q=在河内感受中越人文相亲,,,,
5,三星马吉拉联名款爱了,https://s.weibo.com/weibo?q=三星马吉拉联名款爱了,,,,
6,同居且怀孕流产分手后女子被判还彩礼,https://s.weibo.com/weibo?q=同居且怀孕流产分手后女子被判还彩礼,,,,
7,易烊千玺 评委,https://s.weibo.com/weibo?q=易烊千玺 评委,,,,
8,田启文称周海媚长期受红斑狼疮困扰,https://s.weibo.com/weibo?q=田启文称周海媚长期受红斑狼疮困扰,,,,
9,好莱坞富二代涉嫌分尸华人妻子,https://s.weibo.com/weibo?q=好莱坞富二代涉嫌分尸华人妻子,,,,
10,虞书欣 机器人台词,https://s.weibo.com/weibo?q=虞书欣 机器人台词,,,,
11,最讨厌那个杨大爷了,https://s.weibo.com/weibo?q=最讨厌那个杨大爷了,,,,
12,宝宝抱住两个月不见的爷爷亲个不停,https://s.weibo.com/weibo?q=宝宝抱住两个月不见的爷爷亲个不停,,,,
13,荣耀保时捷要联合造车了吗,https://s.weibo.com/weibo?q=荣耀保时捷要联合造车了吗,,,,
14,狐妖小红娘 易主,https://s.weibo.com/weibo?q=狐妖小红娘 易主,,,,
15,易孕体质是没有科学避孕,https://s.weibo.com/weibo?q=易孕体质是没有科学避孕,,,,
16,骄阳似我 张凌赫魏大勋,https://s.weibo.com/weibo?q=骄阳似我 张凌赫魏大勋,,,,
17,KOL半壁江山都在元梦之星,https://s.weibo.com/weibo?q=KOL半壁江山都在元梦之星,,,,
18,薛之谦上上谦火锅仅剩两家,https://s.weibo.com/weibo?q=薛之谦上上谦火锅仅剩两家,,,,
19,Meiko CPU拍卖35.7万,https://s.weibo.com/weibo?q=Meiko CPU拍卖35.7万,,,,
20,腾讯娱乐年度盛典 阵容,https://s.weibo.com/weibo?q=腾讯娱乐年度盛典 阵容,,,,
21,去父母化,https://s.weibo.com/weibo?q=去父母化,,,,
22,网红袖珍女孩疑遭母亲虐待,https://s.weibo.com/weibo?q=网红袖珍女孩疑遭母亲虐待,,,,
23,研究称生两个孩子最有利于长寿,https://s.weibo.com/weibo?q=研究称生两个孩子最有利于长寿,,,,
24,郑爽被强执9050万,https://s.weibo.com/weibo?q=郑爽被强执9050万,,,,
25,杨丞琳演唱会主办方已经营异常,https://s.weibo.com/weibo?q=杨丞琳演唱会主办方已经营异常,,,,
26,EDG官宣Meiko离队,https://s.weibo.com/weibo?q=EDG官宣Meiko离队,,,,
27,朱丹因为周一围比自己小哭了,https://s.weibo.com/weibo?q=朱丹因为周一围比自己小哭了,,,,
28,一碗30元的网红面馆卖不动了,https://s.weibo.com/weibo?q=一碗30元的网红面馆卖不动了,,,,
29,成都地铁偷拍案影响扩大系男方责任,https://s.weibo.com/weibo?q=成都地铁偷拍案影响扩大系男方责任,,,,
30,林孝埈说国家队氛围非常好,https://s.weibo.com/weibo?q=林孝埈说国家队氛围非常好,,,,
31,这就是双休的意义,https://s.weibo.com/weibo?q=这就是双休的意义,,,,
32,鼻炎手术 鼻头变尖,https://s.weibo.com/weibo?q=鼻炎手术 鼻头变尖,,,,
33,湖南卫视跨年 阵容,https://s.weibo.com/weibo?q=湖南卫视跨年 阵容,,,,
34,苏打绿 最后一次大型巡演,https://s.weibo.com/weibo?q=苏打绿 最后一次大型巡演,,,,
35,突然发现父母不再无所不能,https://s.weibo.com/weibo?q=突然发现父母不再无所不能,,,,
36,马天宇 我以为宋江是宋江,https://s.weibo.com/weibo?q=马天宇 我以为宋江是宋江,,,,
37,浙江 出线可能,https://s.weibo.com/weibo?q=浙江 出线可能,,,,
38,给王鹤棣找个配音吧,https://s.weibo.com/weibo?q=给王鹤棣找个配音吧,,,,
39,鹿晗五哈出发路透,https://s.weibo.com/weibo?q=鹿晗五哈出发路透,,,,
40,TheShy在WBG是顶薪待遇,https://s.weibo.com/weibo?q=TheShy在WBG是顶薪待遇,,,,
41,红斑狼疮是免疫病不是皮肤病,https://s.weibo.com/weibo?q=红斑狼疮是免疫病不是皮肤病,,,,
42,杭州大一学生论文被全球顶级会议录用,https://s.weibo.com/weibo?q=杭州大一学生论文被全球顶级会议录用,,,,
43,吴青峰曾多次失声,https://s.weibo.com/weibo?q=吴青峰曾多次失声,,,,
44,小杨哥直播间 薛之谦,https://s.weibo.com/weibo?q=小杨哥直播间 薛之谦,,,,
45,秦岚辛芷蕾 一个敢说一个敢接,https://s.weibo.com/weibo?q=秦岚辛芷蕾 一个敢说一个敢接,,,,
46,小米 SU7尾部,https://s.weibo.com/weibo?q=小米 SU7尾部,,,,
47,刘亦菲王鹤棣 长陵,https://s.weibo.com/weibo?q=刘亦菲王鹤棣 长陵,,,,
48,朱丹说没有被湖南台封杀过,https://s.weibo.com/weibo?q=朱丹说没有被湖南台封杀过,,,,
49,红斑狼疮,https://s.weibo.com/weibo?q=红斑狼疮,,,,
50,浙江队无缘亚冠淘汰赛,https://s.weibo.com/weibo?q=浙江队无缘亚冠淘汰赛,,,,
51,林孝埈 让世界看到中国短道的力量,https://s.weibo.com/weibo?q=林孝埈 让世界看到中国短道的力量,,,,
52,知情人称周海媚还在医院治疗中,https://s.weibo.com/weibo?q=知情人称周海媚还在医院治疗中,,,,
